order_id,order_date,region,category,unit_price,quantity,discount,sales
1,2025-04-13,South,Electronics,4830.82,8,0.2,30917.25
2,2025-12-15,South,Home,2190.86,10,0.0,21908.6
3,2025-09-28,North,Food,1593.49,6,0.0,9560.94
4,2025-04-17,Central,Electronics,2555.4,5,0.2,10221.6
5,2025-03-13,Central,Food,2225.58,10,0.05,21143.01
6,2025-07-08,East,Electronics,573.04,9,0.05,4899.49
7,2025-01-21,Central,Clothing,3222.09,2,0.0,6444.18
8,2025-04-13,North,Food,1119.39,5,0.1,5037.26
9,2025-05-02,South,Food,3116.96,6,0.05,17766.67
10,2025-08-03,Central,Home,3268.5,7,0.1,20591.55
11,2025-11-27,East,Food,802.52,5,0.05,3811.97
12,2025-03-29,Central,Food,353.68,9,0.05,3023.96
13,2025-04-10,North,Clothing,3914.77,1,0.1,3523.29
14,2025-12-26,East,Food,2326.01,7,0.2,13025.66
15,2025-06-01,Central,Clothing,337.91,10,0.05,3210.14
16,2025-05-11,East,Clothing,4974.59,7,0.05,33081.02
17,2025-05-30,North,Clothing,336.01,4,0.1,1209.64
18,2025-11-05,South,Clothing,3490.42,9,0.2,25131.02
19,2025-09-15,North,Electronics,4919.21,5,0.05,23366.25
20,2025-12-10,North,Home,1233.94,4,0.05,4688.97
21,2025-10-21,North,Electronics,754.13,7,0.2,4223.13
22,2025-07-11,North,Food,650.86,4,0.05,2473.27
23,2025-10-04,South,Electronics,1551.21,3,0.2,3722.9
24,2025-06-10,South,Electronics,550.18,9,0.2,3961.3
25,2025-11-10,East,Food,3476.2,8,0.1,25028.64
26,2025-01-22,Central,Food,358.34,1,0.0,358.34
27,2025-09-10,South,Food,2571.64,7,0.2,14401.18
28,2025-08-24,South,Electronics,4983.65,9,0.1,40367.56
29,2025-12-11,Central,Electronics,4079.15,8,0.0,32633.2
30,2025-02-18,South,Food,3095.34,8,0.05,23524.58
31,2025-02-28,North,Home,1565.96,6,0.0,9395.76
32,2025-06-19,North,Home,3138.28,4,0.2,10042.5
33,2025-07-07,Central,Clothing,2658.86,8,0.2,17016.7
34,2025-09-28,East,Food,2159.11,3,0.2,5181.86
35,2025-07-09,East,Clothing,697.02,9,0.2,5018.54
36,2025-06-24,Central,Home,4438.69,2,0.2,7101.9
37,2025-02-20,Central,Clothing,2276.43,2,0.1,4097.57
38,2025-12-30,North,Food,1013.38,7,0.2,5674.93
39,2025-02-24,East,Food,1870.41,10,0.1,16833.69
40,2025-09-01,South,Food,2099.94,4,0.05,7979.77
41,2025-11-16,North,Electronics,4146.31,10,0.2,33170.48
42,2025-05-11,Central,Clothing,3681.39,8,0.2,23560.9
43,2025-11-03,East,Home,3858.06,9,0.0,34722.54
44,2025-05-15,South,Home,104.6,7,0.05,695.59
45,2025-01-21,South,Home,2109.96,5,0.2,8439.84
46,2025-11-25,North,Electronics,2432.65,8,0.2,15568.96
47,2025-06-16,East,Electronics,145.0,4,0.05,551.0
48,2025-10-01,East,Food,1336.08,2,0.1,2404.94
49,2025-03-30,Central,Home,3813.43,6,0.2,18304.46
50,2025-11-12,East,Electronics,728.69,9,0.0,6558.21
51,2025-01-14,East,Food,2699.79,1,0.2,2159.83
52,2025-08-30,North,Home,1115.25,10,0.0,11152.5
53,2025-09-22,East,Clothing,110.0,7,0.0,770.0
54,2025-12-12,South,Food,1243.95,10,0.2,9951.6
55,2025-02-22,North,Electronics,4880.58,9,0.2,35140.18
56,2025-12-06,North,Electronics,4017.61,10,0.0,40176.1
57,2025-04-02,Central,Food,4799.9,9,0.05,41039.14
58,2025-09-21,East,Food,2464.88,10,0.05,23416.36
59,2025-02-04,Central,Electronics,593.19,3,0.2,1423.66
60,2025-07-25,South,Clothing,2762.4,5,0.1,12430.8
61,2025-03-22,North,Home,2299.17,8,0.05,17473.69
62,2025-02-19,North,Clothing,4229.57,8,0.2,27069.25
63,2025-12-26,North,Food,535.51,4,0.05,2034.94
64,2025-01-02,South,Clothing,2466.79,1,0.1,2220.11
65,2025-02-23,South,Electronics,792.74,1,0.2,634.19
66,2025-04-16,Central,Food,1657.15,4,0.1,5965.74
67,2025-09-17,Central,Home,3699.92,6,0.2,17759.62
68,2025-11-06,Central,Electronics,2406.29,8,0.1,17325.29
69,2025-07-10,East,Electronics,1910.65,6,0.05,10890.71
70,2025-08-06,North,Home,2002.66,9,0.05,17122.74
71,2025-02-13,North,Home,2324.26,9,0.1,18826.51
72,2025-06-11,Central,Clothing,3935.83,2,0.1,7084.49
73,2025-07-21,North,Food,4465.82,10,0.1,40192.38
74,2025-09-27,Central,Home,4778.91,1,0.2,3823.13
75,2025-12-17,East,Home,3945.17,2,0.05,7495.82
76,2025-10-31,East,Food,1611.26,5,0.2,6445.04
77,2025-09-28,South,Home,3456.27,4,0.05,13133.83
78,2025-08-03,East,Home,2216.14,4,0.0,8864.56
79,2025-09-09,Central,Clothing,1310.62,9,0.2,9436.46
80,2025-07-09,East,Electronics,4212.31,8,0.05,32013.56
81,2025-10-23,South,Electronics,240.21,6,0.05,1369.2
82,2025-08-01,North,Electronics,4513.72,1,0.2,3610.98
83,2025-07-27,Central,Electronics,2334.31,2,0.2,3734.9
84,2025-08-25,North,Home,3204.15,6,0.05,18263.66
85,2025-12-04,South,Food,3313.8,2,0.2,5302.08
86,2025-02-22,South,Food,4480.83,10,0.1,40327.47
87,2025-10-07,South,Clothing,3201.51,5,0.2,12806.04
88,2025-08-05,North,Clothing,3088.97,5,0.2,12355.88
89,2025-09-09,North,Home,379.93,6,0.2,1823.66
90,2025-07-07,North,Food,2616.12,6,0.05,14911.88
91,2025-02-10,North,Food,793.34,6,0.1,4284.04
92,2025-06-06,South,Electronics,3700.3,2,0.0,7400.6
93,2025-01-15,South,Home,2585.5,10,0.0,25855.0
94,2025-10-28,Central,Home,3417.13,3,0.1,9226.25
95,2025-03-06,Central,Electronics,256.28,6,0.1,1383.91
96,2025-12-11,North,Home,469.72,8,0.1,3381.98
97,2025-11-23,East,Home,3595.8,1,0.05,3416.01
98,2025-01-09,East,Clothing,406.82,1,0.0,406.82
99,2025-12-10,South,Food,402.72,2,0.1,724.9
100,2025-05-09,South,Home,109.94,6,0.05,626.66
101,2025-05-16,South,Clothing,4784.68,9,0.0,43062.12
102,2025-03-04,Central,Food,3700.67,4,0.2,11842.14
103,2025-05-19,Central,Electronics,1798.59,3,0.05,5125.98
104,2025-03-22,South,Clothing,1517.85,8,0.0,12142.8
105,2025-06-12,South,Clothing,1781.03,10,0.05,16919.78
106,2025-10-16,South,Food,3884.53,9,0.0,34960.77
107,2025-09-18,East,Electronics,3323.78,5,0.0,16618.9
108,2025-08-19,Central,Clothing,966.72,9,0.2,6960.38
109,2025-02-10,East,Home,911.84,2,0.05,1732.5
110,2025-01-28,East,Home,537.06,3,0.1,1450.06
111,2025-05-15,South,Home,3318.5,7,0.2,18583.6
112,2025-07-20,South,Electronics,3833.64,7,0.2,21468.38
113,2025-11-24,North,Clothing,1361.98,6,0.0,8171.88
114,2025-09-25,North,Home,153.68,6,0.1,829.87
115,2025-02-02,East,Electronics,456.75,2,0.05,867.82
116,2025-02-17,Central,Home,4840.91,10,0.1,43568.19
117,2025-03-03,South,Food,1512.45,6,0.1,8167.23
118,2025-08-04,South,Clothing,3857.65,4,0.1,13887.54
119,2025-10-20,East,Clothing,3142.08,3,0.1,8483.62
120,2025-04-09,North,Electronics,1940.6,2,0.1,3493.08
121,2025-06-21,Central,Electronics,1068.15,1,0.0,1068.15
122,2025-12-26,North,Clothing,650.86,5,0.0,3254.3
123,2025-08-02,North,Home,3094.31,2,0.2,4950.9
124,2025-02-04,North,Home,3884.44,2,0.0,7768.88
125,2025-08-15,North,Food,3237.33,7,0.2,18129.05
126,2025-04-11,South,Home,2675.0,8,0.2,17120.0
127,2025-05-11,South,Electronics,257.66,10,0.05,2447.77
128,2025-09-14,North,Electronics,4844.02,8,0.1,34876.94
129,2025-01-05,Central,Home,4003.64,4,0.0,16014.56
130,2025-08-06,East,Electronics,1499.47,1,0.05,1424.5
131,2025-09-12,Central,Clothing,4900.85,7,0.0,34305.95
132,2025-12-25,Central,Clothing,3029.31,1,0.2,2423.45
133,2025-10-10,Central,Home,2932.99,4,0.0,11731.96
134,2025-07-26,North,Clothing,3752.96,8,0.1,27021.31
135,2025-01-15,South,Clothing,4068.26,2,0.2,6509.22
136,2025-12-12,Central,Food,3299.57,6,0.2,15837.94
137,2025-02-11,North,Food,684.07,6,0.05,3899.2
138,2025-06-28,Central,Clothing,1724.42,9,0.1,13967.8
139,2025-03-04,Central,Home,4644.01,5,0.2,18576.04
140,2025-12-18,North,Food,1161.85,10,0.1,10456.65
141,2025-08-19,South,Electronics,1892.23,4,0.0,7568.92
142,2025-08-29,South,Electronics,2188.78,5,0.1,9849.51
143,2025-02-21,East,Electronics,2225.05,10,0.2,17800.4
144,2025-04-06,North,Home,3084.05,5,0.05,14649.24
145,2025-08-10,East,Clothing,4718.23,8,0.2,30196.67
146,2025-08-19,East,Electronics,1241.43,10,0.1,11172.87
147,2025-08-25,East,Home,651.43,8,0.1,4690.3
148,2025-05-23,South,Food,1027.48,2,0.2,1643.97
149,2025-06-20,North,Clothing,4440.28,7,0.1,27973.76
150,2025-01-29,East,Food,3246.76,8,0.0,25974.08
151,2025-02-05,North,Home,1465.24,6,0.2,7033.15
152,2025-01-13,North,Electronics,4088.94,5,0.05,19422.46
153,2025-06-09,South,Electronics,4313.78,9,0.2,31059.22
154,2025-11-23,East,Home,4240.25,3,0.0,12720.75
155,2025-07-06,East,Electronics,4598.69,10,0.0,45986.9
156,2025-08-31,North,Clothing,1298.59,4,0.0,5194.36
157,2025-03-27,Central,Home,3787.46,9,0.0,34087.14
158,2025-10-11,South,Food,2329.67,6,0.0,13978.02
159,2025-03-07,South,Home,4217.89,8,0.05,32055.96
160,2025-06-19,South,Clothing,3656.03,7,0.1,23032.99
161,2025-02-14,South,Clothing,3893.41,2,0.0,7786.82
162,2025-03-03,East,Home,3298.0,3,0.0,9894.0
163,2025-05-14,East,Home,928.27,1,0.2,742.62
164,2025-10-11,Central,Electronics,2747.88,9,0.05,23494.37
165,2025-01-28,South,Clothing,4924.12,7,0.05,32745.4
166,2025-04-18,South,Home,4690.07,1,0.1,4221.06
167,2025-02-13,North,Home,263.71,3,0.05,751.57
168,2025-12-06,East,Clothing,865.83,4,0.2,2770.66
169,2025-10-13,South,Home,702.06,4,0.2,2246.59
170,2025-11-27,Central,Electronics,3643.6,5,0.1,16396.2
171,2025-05-08,Central,Clothing,4098.04,3,0.2,9835.3
172,2025-12-14,East,Electronics,1106.88,3,0.0,3320.64
173,2025-08-19,Central,Electronics,2553.97,1,0.0,2553.97
174,2025-07-09,Central,Electronics,4211.48,7,0.2,23584.29
175,2025-08-13,East,Electronics,3677.37,10,0.1,33096.33
176,2025-10-10,South,Clothing,2734.07,1,0.05,2597.37
177,2025-05-01,South,Electronics,2972.22,2,0.1,5350.0
178,2025-04-26,Central,Electronics,2566.38,4,0.05,9752.24
179,2025-08-21,Central,Home,1522.86,4,0.2,4873.15
180,2025-09-16,South,Clothing,2846.86,5,0.2,11387.44
181,2025-12-25,East,Clothing,3459.98,2,0.0,6919.96
182,2025-07-17,Central,Food,4372.95,4,0.05,16617.21
183,2025-05-17,North,Clothing,3199.64,1,0.1,2879.68
184,2025-11-14,East,Clothing,3817.55,2,0.2,6108.08
185,2025-06-14,Central,Food,842.35,1,0.1,758.12
186,2025-08-13,Central,Clothing,2334.71,10,0.0,23347.1
187,2025-11-03,North,Clothing,96.19,10,0.05,913.8
188,2025-08-22,North,Clothing,1271.06,4,0.05,4830.03
189,2025-06-21,South,Clothing,3645.99,4,0.2,11667.17
190,2025-06-01,East,Food,4959.46,7,0.05,32980.41
191,2025-11-11,East,Clothing,540.93,10,0.2,4327.44
192,2025-06-09,South,Clothing,2037.4,9,0.0,18336.6
193,2025-04-06,East,Food,4010.35,9,0.05,34288.49
194,2025-08-21,East,Home,1059.98,5,0.2,4239.92
195,2025-06-29,East,Electronics,2797.67,10,0.1,25179.03
196,2025-04-23,East,Home,3678.7,1,0.2,2942.96
197,2025-11-14,East,Food,3099.13,1,0.05,2944.17
198,2025-02-21,North,Electronics,980.72,6,0.0,5884.32
199,2025-09-25,East,Food,1809.15,2,0.05,3437.38
200,2025-10-22,North,Food,3929.77,8,0.05,29866.25
201,2025-04-23,East,Clothing,2793.42,9,0.2,20112.62
202,2025-04-11,South,Electronics,75.89,4,0.1,273.2
203,2025-04-23,Central,Clothing,3816.9,5,0.05,18130.27
204,2025-03-22,North,Electronics,224.79,8,0.1,1618.49
205,2025-07-06,East,Food,3741.38,3,0.2,8979.31
206,2025-04-23,South,Food,1052.28,5,0.1,4735.26
207,2025-01-02,Central,Home,4792.46,3,0.2,11501.9
208,2025-05-10,North,Electronics,1871.31,10,0.0,18713.1
209,2025-08-08,Central,Clothing,1668.31,3,0.1,4504.44
210,2025-02-23,South,Home,787.0,3,0.1,2124.9
211,2025-12-09,North,Home,1562.74,7,0.0,10939.18
212,2025-08-12,Central,Home,4389.42,7,0.1,27653.35
213,2025-08-13,East,Clothing,4981.85,7,0.0,34872.95
214,2025-05-06,North,Home,1873.13,10,0.05,17794.74
215,2025-05-10,Central,Clothing,2270.62,8,0.2,14531.97
216,2025-02-22,South,Home,3624.25,5,0.0,18121.25
217,2025-06-21,South,Clothing,4436.67,5,0.1,19965.02
218,2025-08-06,North,Food,2985.57,4,0.0,11942.28
219,2025-06-09,Central,Food,1988.05,7,0.1,12524.72
220,2025-07-17,North,Food,2092.48,10,0.05,19878.56
221,2025-09-04,North,Food,3493.31,4,0.0,13973.24
222,2025-11-20,Central,Food,65.93,2,0.05,125.27
223,2025-07-22,Central,Home,3116.97,4,0.2,9974.3
224,2025-07-03,East,Home,1809.69,8,0.1,13029.77
225,2025-05-03,Central,Home,3981.28,9,0.1,32248.37
226,2025-09-12,South,Clothing,510.3,3,0.05,1454.36
227,2025-10-21,North,Clothing,2961.6,7,0.2,16584.96
228,2025-10-07,North,Clothing,2430.82,9,0.0,21877.38
229,2025-11-21,South,Clothing,3229.51,4,0.0,12918.04
230,2025-04-08,Central,Food,371.03,10,0.1,3339.27
231,2025-07-17,South,Food,2920.92,3,0.05,8324.62
232,2025-08-28,South,Food,2829.35,5,0.05,13439.41
233,2025-05-24,East,Electronics,2825.27,1,0.0,2825.27
234,2025-04-07,South,Home,3037.26,3,0.2,7289.42
235,2025-07-20,North,Clothing,3398.52,8,0.2,21750.53
236,2025-05-04,South,Clothing,4034.7,8,0.0,32277.6
237,2025-07-06,North,Food,1385.61,4,0.0,5542.44
238,2025-11-22,North,Clothing,4133.99,2,0.05,7854.58
239,2025-12-15,North,Clothing,2516.37,8,0.2,16104.77
240,2025-09-16,Central,Home,431.44,8,0.0,3451.52
241,2025-05-28,East,Food,339.83,10,0.0,3398.3
242,2025-09-09,North,Home,1704.48,4,0.1,6136.13
243,2025-12-12,North,Electronics,3935.24,3,0.0,11805.72
244,2025-05-27,Central,Electronics,3553.02,2,0.0,7106.04
245,2025-05-28,North,Electronics,3953.64,9,0.2,28466.21
246,2025-12-18,South,Food,2610.48,1,0.05,2479.96
247,2025-07-18,South,Clothing,2228.99,7,0.2,12482.34
248,2025-11-04,East,Food,779.89,5,0.05,3704.48
249,2025-05-08,North,Food,1674.55,8,0.1,12056.76
250,2025-02-08,Central,Clothing,2198.4,4,0.0,8793.6
251,2025-12-04,South,Home,488.57,7,0.1,3077.99
252,2025-12-26,Central,Electronics,1142.03,5,0.05,5424.64
253,2025-05-09,Central,Home,3011.22,5,0.2,12044.88
254,2025-09-24,South,Electronics,3691.53,9,0.2,26579.02
255,2025-05-31,Central,Food,4991.82,9,0.1,40433.74
256,2025-10-25,South,Electronics,4668.91,9,0.05,39919.18
257,2025-04-09,Central,Food,3230.7,6,0.1,17445.78
258,2025-09-20,South,Home,2135.18,6,0.1,11529.97
259,2025-09-09,North,Food,3199.08,5,0.0,15995.4
260,2025-05-24,East,Home,3938.98,9,0.1,31905.74
261,2025-12-12,South,Clothing,635.76,10,0.0,6357.6
262,2025-04-22,South,Clothing,2079.03,8,0.0,16632.24
263,2025-03-01,East,Clothing,4207.02,7,0.2,23559.31
264,2025-01-02,South,Food,1949.97,7,0.0,13649.79
265,2025-10-31,South,Clothing,2880.77,6,0.0,17284.62
266,2025-09-11,Central,Electronics,2959.46,5,0.2,11837.84
267,2025-05-20,East,Home,963.16,4,0.1,3467.38
268,2025-02-06,North,Home,1843.07,3,0.05,5252.75
269,2025-06-09,South,Electronics,1705.83,3,0.05,4861.62
270,2025-01-09,East,Food,179.67,6,0.05,1024.12
271,2025-08-21,Central,Food,169.75,4,0.1,611.1
272,2025-04-09,North,Home,4166.9,6,0.0,25001.4
273,2025-05-27,East,Clothing,1401.7,3,0.05,3994.84
274,2025-10-31,North,Food,2614.49,4,0.1,9412.16
275,2025-07-27,North,Food,1528.69,9,0.0,13758.21
276,2025-05-11,North,Electronics,4706.36,5,0.2,18825.44
277,2025-06-01,South,Electronics,1333.52,7,0.05,8867.91
278,2025-02-23,South,Clothing,2176.8,10,0.0,21768.0
279,2025-04-30,Central,Food,4370.01,2,0.05,8303.02
280,2025-06-10,Central,Food,4217.57,5,0.05,20033.46
281,2025-04-26,East,Electronics,971.2,9,0.05,8303.76
282,2025-03-16,Central,Food,4023.08,3,0.0,12069.24
283,2025-04-23,North,Home,2318.03,9,0.1,18776.04
284,2025-04-14,North,Electronics,2440.7,6,0.0,14644.2
285,2025-12-06,South,Clothing,710.73,4,0.05,2700.77
286,2025-09-11,North,Electronics,448.98,7,0.0,3142.86
287,2025-08-15,East,Food,3653.3,8,0.2,23381.12
288,2025-04-22,North,Clothing,2507.48,6,0.1,13540.39
289,2025-04-09,North,Electronics,2212.41,5,0.0,11062.05
290,2025-06-02,East,Home,3661.07,6,0.2,17573.14
291,2025-12-15,Central,Home,3839.29,5,0.1,17276.8
292,2025-12-04,Central,Electronics,836.6,8,0.2,5354.24
293,2025-07-13,East,Home,3070.61,1,0.1,2763.55
294,2025-11-06,South,Home,720.0,7,0.0,5040.0
295,2025-06-12,North,Home,3769.31,10,0.2,30154.48
296,2025-07-27,East,Clothing,3301.93,10,0.05,31368.33
297,2025-06-18,North,Home,4785.24,2,0.2,7656.38
298,2025-06-10,South,Home,391.34,9,0.1,3169.85
299,2025-03-09,North,Home,332.42,1,0.0,332.42
300,2025-10-16,East,Clothing,1446.83,10,0.1,13021.47
301,2025-10-04,North,Electronics,1345.44,6,0.2,6458.11
302,2025-10-31,Central,Food,1272.55,9,0.2,9162.36
303,2025-05-15,South,Home,4535.96,1,0.05,4309.16
304,2025-07-14,South,Electronics,1285.25,4,0.0,5141.0
305,2025-05-08,South,Home,1396.15,4,0.0,5584.6
306,2025-02-02,East,Clothing,3809.02,9,0.2,27424.94
307,2025-06-25,South,Electronics,2276.21,5,0.0,11381.05
308,2025-01-22,Central,Clothing,3894.72,5,0.05,18499.92
309,2025-08-26,East,Home,373.56,6,0.1,2017.22
310,2025-06-07,Central,Home,2463.48,1,0.0,2463.48
311,2025-02-07,North,Clothing,216.39,1,0.2,173.11
312,2025-08-18,North,Food,360.13,9,0.1,2917.05
313,2025-12-31,North,Clothing,4536.87,3,0.1,12249.55
314,2025-02-20,North,Home,739.26,4,0.05,2809.19
315,2025-09-21,Central,Clothing,2685.48,1,0.2,2148.38
316,2025-10-10,East,Food,2084.92,9,0.0,18764.28
317,2025-01-27,East,Clothing,1769.35,8,0.2,11323.84
318,2025-08-14,South,Food,4504.18,2,0.1,8107.52
319,2025-10-04,Central,Food,158.03,8,0.2,1011.39
320,2025-10-13,North,Clothing,3335.76,7,0.0,23350.32
321,2025-04-07,Central,Clothing,4818.8,6,0.0,28912.8
322,2025-10-11,South,Electronics,2822.83,1,0.05,2681.69
323,2025-11-13,South,Home,4687.27,7,0.0,32810.89
324,2025-10-31,Central,Food,308.68,10,0.0,3086.8
325,2025-05-27,Central,Electronics,2123.03,7,0.2,11888.97
326,2025-01-04,Central,Clothing,1337.78,9,0.2,9632.02
327,2025-02-04,East,Home,3667.56,1,0.1,3300.8
328,2025-07-11,North,Electronics,4907.42,2,0.05,9324.1
329,2025-02-18,Central,Food,1319.82,9,0.2,9502.7
330,2025-01-17,Central,Electronics,3288.16,9,0.0,29593.44
331,2025-06-21,Central,Food,1030.58,6,0.1,5565.13
332,2025-08-08,South,Clothing,2848.38,6,0.2,13672.22
333,2025-06-07,South,Home,2346.47,4,0.05,8916.59
334,2025-02-15,East,Home,4861.43,4,0.05,18473.43
335,2025-01-06,North,Home,3062.21,5,0.1,13779.94
336,2025-04-09,East,Clothing,1780.06,3,0.1,4806.16
337,2025-08-21,North,Food,614.77,1,0.1,553.29
338,2025-02-06,South,Clothing,798.67,1,0.1,718.8
339,2025-10-07,South,Home,1165.32,7,0.1,7341.52
340,2025-12-15,South,Clothing,1292.28,1,0.0,1292.28
341,2025-10-29,East,Clothing,4260.55,1,0.0,4260.55
342,2025-06-30,Central,Clothing,2828.05,3,0.2,6787.32
343,2025-04-05,Central,Food,2640.79,10,0.05,25087.5
344,2025-04-09,South,Electronics,618.11,4,0.0,2472.44
345,2025-07-07,Central,Electronics,4307.69,4,0.0,17230.76
346,2025-04-26,Central,Clothing,3627.93,2,0.0,7255.86
347,2025-07-10,East,Electronics,384.96,1,0.2,307.97
348,2025-09-10,North,Electronics,3553.78,3,0.1,9595.21
349,2025-06-10,South,Clothing,2740.51,4,0.2,8769.63
350,2025-09-13,South,Clothing,454.54,3,0.05,1295.44
351,2025-11-19,East,Home,2318.59,8,0.05,17621.28
352,2025-05-08,East,Electronics,2449.25,10,0.05,23267.88
353,2025-01-18,Central,Food,870.58,1,0.05,827.05
354,2025-10-08,South,Clothing,4731.21,2,0.0,9462.42
355,2025-08-11,North,Home,4257.38,7,0.0,29801.66
356,2025-02-23,East,Food,3361.66,4,0.2,10757.31
357,2025-02-27,North,Electronics,2338.36,8,0.1,16836.19
358,2025-11-19,North,Home,2088.24,3,0.05,5951.48
359,2025-12-26,South,Clothing,3272.32,6,0.2,15707.14
360,2025-06-23,South,Food,2749.89,9,0.0,24749.01
361,2025-10-07,East,Clothing,358.25,1,0.0,358.25
362,2025-04-24,South,Electronics,2586.89,1,0.1,2328.2
363,2025-10-15,South,Food,4041.7,8,0.1,29100.24
364,2025-12-08,South,Electronics,2323.24,3,0.1,6272.75
365,2025-05-31,North,Electronics,307.19,5,0.2,1228.76
366,2025-05-07,East,Home,3942.08,1,0.0,3942.08
367,2025-06-04,Central,Clothing,1046.75,5,0.0,5233.75
368,2025-09-30,North,Food,1330.17,6,0.1,7182.92
369,2025-04-14,South,Electronics,865.3,8,0.05,6576.28
370,2025-10-26,North,Electronics,1684.56,3,0.1,4548.31
371,2025-09-03,South,Food,3795.92,3,0.2,9110.21
372,2025-06-25,South,Electronics,2620.96,10,0.1,23588.64
373,2025-02-08,North,Home,1064.16,9,0.1,8619.7
374,2025-06-19,East,Home,4395.26,4,0.2,14064.83
375,2025-09-04,South,Home,4403.93,4,0.1,15854.15
376,2025-01-26,East,Home,4359.36,7,0.0,30515.52
377,2025-12-21,Central,Electronics,1232.04,2,0.05,2340.88
378,2025-11-02,South,Food,2283.63,8,0.1,16442.14
379,2025-01-13,East,Food,4925.7,6,0.2,23643.36
380,2025-11-12,East,Food,3871.46,3,0.05,11033.66
381,2025-11-09,Central,Food,184.48,9,0.2,1328.26
382,2025-02-05,East,Clothing,372.76,5,0.05,1770.61
383,2025-06-22,East,Food,2346.46,8,0.05,17833.1
384,2025-01-20,Central,Clothing,4550.64,7,0.1,28669.03
385,2025-11-17,South,Clothing,2716.57,8,0.0,21732.56
386,2025-09-21,East,Home,2514.17,7,0.1,15839.27
387,2025-05-22,East,Clothing,572.09,3,0.2,1373.02
388,2025-05-23,East,Electronics,3301.06,2,0.2,5281.7
389,2025-04-02,North,Clothing,4119.41,7,0.05,27394.08
390,2025-12-20,Central,Home,1933.08,3,0.05,5509.28
391,2025-11-18,North,Clothing,3889.28,3,0.0,11667.84
392,2025-10-15,Central,Electronics,4824.16,2,0.1,8683.49
393,2025-08-03,South,Electronics,1058.64,4,0.2,3387.65
394,2025-12-08,South,Electronics,2640.48,8,0.05,20067.65
395,2025-02-20,East,Home,1471.33,1,0.0,1471.33
396,2025-06-02,Central,Home,3974.63,1,0.2,3179.7
397,2025-07-05,South,Food,2909.09,5,0.05,13818.18
398,2025-03-04,Central,Home,3191.18,5,0.2,12764.72
399,2025-07-09,South,Electronics,3999.68,1,0.0,3999.68
400,2025-05-05,North,Electronics,2010.05,6,0.0,12060.3
401,2025-05-30,South,Home,4579.7,1,0.2,3663.76
402,2025-11-10,North,Clothing,2688.49,5,0.1,12098.2
403,2025-02-27,South,Home,831.88,9,0.2,5989.54
404,2025-12-08,East,Home,3494.7,5,0.05,16599.82
405,2025-11-01,North,Electronics,3976.64,6,0.1,21473.86
406,2025-06-29,South,Food,1617.97,8,0.05,12296.57
407,2025-06-19,East,Electronics,4293.04,1,0.2,3434.43
408,2025-11-22,North,Food,4535.41,2,0.1,8163.74
409,2025-09-28,East,Electronics,1420.68,9,0.05,12146.81
410,2025-02-23,Central,Home,4918.43,3,0.2,11804.23
411,2025-04-11,Central,Electronics,746.52,6,0.2,3583.3
412,2025-09-21,North,Electronics,1049.98,5,0.1,4724.91
413,2025-02-22,South,Electronics,961.91,2,0.2,1539.06
414,2025-03-01,North,Home,4475.25,7,0.0,31326.75
415,2025-04-18,East,Home,3288.75,4,0.05,12497.25
416,2025-01-05,South,Home,802.92,1,0.05,762.77
417,2025-04-13,Central,Home,2229.6,4,0.2,7134.72
418,2025-07-15,South,Food,3095.73,6,0.2,14859.5
419,2025-09-19,Central,Food,463.15,7,0.0,3242.05
420,2025-12-31,South,Clothing,4417.96,7,0.1,27833.15
421,2025-12-16,South,Home,4027.84,7,0.2,22555.9
422,2025-02-16,South,Food,2550.77,3,0.2,6121.85
423,2025-12-21,East,Electronics,4837.28,6,0.2,23218.94
424,2025-11-07,East,Home,2117.92,8,0.2,13554.69
425,2025-11-04,North,Clothing,4921.35,4,0.05,18701.13
426,2025-05-24,North,Clothing,3356.2,8,0.2,21479.68
427,2025-09-26,Central,Clothing,3191.62,2,0.05,6064.08
428,2025-05-04,East,Electronics,871.48,10,0.2,6971.84
429,2025-04-16,Central,Food,4415.54,9,0.1,35765.87
430,2025-06-07,North,Electronics,2166.07,9,0.0,19494.63
431,2025-05-27,Central,Home,853.06,8,0.1,6142.03
432,2025-05-25,North,Clothing,112.41,10,0.2,899.28
433,2025-04-30,East,Electronics,2820.79,10,0.2,22566.32
434,2025-11-15,South,Electronics,2660.63,1,0.2,2128.5
435,2025-10-02,East,Food,3610.8,2,0.1,6499.44
436,2025-04-02,Central,Food,4456.78,6,0.2,21392.54
437,2025-02-27,Central,Clothing,443.06,10,0.1,3987.54
438,2025-12-12,East,Electronics,3670.91,5,0.05,17436.82
439,2025-08-17,East,Electronics,977.69,9,0.0,8799.21
440,2025-04-27,North,Food,4297.98,5,0.0,21489.9
441,2025-11-14,Central,Electronics,4104.36,2,0.1,7387.85
442,2025-10-06,Central,Electronics,2726.93,10,0.05,25905.84
443,2025-05-07,East,Electronics,3565.7,4,0.1,12836.52
444,2025-05-09,South,Food,1606.03,9,0.05,13731.56
445,2025-02-27,Central,Clothing,2382.28,1,0.2,1905.82
446,2025-05-02,South,Home,4117.1,1,0.05,3911.25
447,2025-01-01,East,Clothing,2323.36,7,0.05,15450.34
448,2025-08-27,East,Home,1821.1,3,0.05,5190.13
449,2025-10-17,North,Electronics,2496.35,10,0.0,24963.5
450,2025-04-06,Central,Clothing,4149.83,2,0.05,7884.68
451,2025-05-06,South,Home,1709.28,9,0.2,12306.82
452,2025-04-28,North,Food,910.12,3,0.2,2184.29
453,2025-02-17,Central,Food,3574.47,2,0.2,5719.15
454,2025-03-30,North,Clothing,4138.59,8,0.05,31453.28
455,2025-08-25,East,Clothing,548.16,10,0.1,4933.44
456,2025-09-29,Central,Electronics,1237.38,6,0.1,6681.85
457,2025-07-08,North,Clothing,752.76,6,0.2,3613.25
458,2025-07-11,North,Electronics,1772.31,10,0.0,17723.1
459,2025-03-10,South,Electronics,2279.24,7,0.1,14359.21
460,2025-10-05,North,Food,3756.69,7,0.05,24981.99
461,2025-12-15,Central,Food,3273.18,6,0.1,17675.17
462,2025-09-04,Central,Home,3123.6,4,0.2,9995.52
463,2025-03-17,South,Food,1794.26,9,0.0,16148.34
464,2025-06-03,Central,Food,4215.17,6,0.1,22761.92
465,2025-05-24,East,Clothing,2382.87,4,0.1,8578.33
466,2025-03-27,Central,Food,4896.57,3,0.2,11751.77
467,2025-07-04,Central,Home,3189.0,4,0.0,12756.0
468,2025-10-12,North,Clothing,675.01,3,0.0,2025.03
469,2025-08-08,North,Home,3397.08,2,0.2,5435.33
470,2025-03-10,Central,Food,1659.26,5,0.05,7881.48
471,2025-02-16,South,Home,3447.32,2,0.1,6205.18
472,2025-04-04,North,Clothing,394.72,6,0.05,2249.9
473,2025-08-26,South,Electronics,915.66,3,0.1,2472.28
474,2025-07-23,Central,Home,4285.9,6,0.1,23143.86
475,2025-08-06,Central,Home,1174.54,10,0.05,11158.13
476,2025-12-07,East,Clothing,4193.35,9,0.2,30192.12
477,2025-02-08,North,Clothing,1432.42,1,0.2,1145.94
478,2025-04-10,Central,Home,3232.27,6,0.1,17454.26
479,2025-10-16,East,Food,3486.05,9,0.2,25099.56
480,2025-09-11,North,Home,2587.64,4,0.1,9315.5
481,2025-08-10,Central,Clothing,1561.29,2,0.2,2498.06
482,2025-12-23,Central,Electronics,1102.59,4,0.1,3969.32
483,2025-01-23,North,Electronics,214.29,1,0.2,171.43
484,2025-09-07,North,Food,1554.53,3,0.0,4663.59
485,2025-01-10,North,Home,3283.16,10,0.05,31190.02
486,2025-09-03,Central,Electronics,4694.61,9,0.0,42251.49
487,2025-11-21,Central,Home,4362.46,10,0.05,41443.37
488,2025-04-10,East,Clothing,3842.02,5,0.05,18249.59
489,2025-10-17,South,Electronics,3952.81,6,0.1,21345.17
490,2025-06-29,North,Food,3341.68,3,0.05,9523.79
491,2025-08-11,Central,Clothing,1338.42,5,0.0,6692.1
492,2025-09-07,Central,Food,4540.62,8,0.0,36324.96
493,2025-05-27,North,Clothing,3370.12,6,0.2,16176.58
494,2025-04-06,South,Electronics,2824.18,4,0.0,11296.72
495,2025-09-14,North,Food,599.4,2,0.2,959.04
496,2025-11-21,South,Food,2262.92,9,0.05,19347.97
497,2025-01-04,Central,Clothing,2328.77,1,0.0,2328.77
498,2025-01-16,South,Food,4329.59,1,0.05,4113.11
499,2025-10-07,East,Clothing,2755.91,4,0.0,11023.64
500,2025-12-02,Central,Clothing,1932.98,7,0.0,13530.86
501,2025-09-04,East,Clothing,4885.16,1,0.2,3908.13
502,2025-09-15,North,Clothing,598.07,9,0.05,5113.5
503,2025-06-09,North,Electronics,2141.61,4,0.0,8566.44
504,2025-12-06,North,Clothing,258.02,3,0.1,696.65
505,2025-06-01,South,Home,3712.53,1,0.05,3526.9
506,2025-06-27,Central,Food,4594.48,10,0.05,43647.56
507,2025-06-12,North,Home,1436.18,4,0.05,5457.48
508,2025-02-02,North,Electronics,4298.79,9,0.2,30951.29
509,2025-06-28,Central,Home,1496.48,10,0.1,13468.32
510,2025-04-11,North,Food,4558.31,6,0.05,25982.37
511,2025-09-25,East,Home,3782.11,6,0.0,22692.66
512,2025-11-19,Central,Electronics,4034.29,1,0.0,4034.29
513,2025-03-06,Central,Clothing,139.13,10,0.2,1113.04
514,2025-06-17,Central,Home,4815.91,2,0.0,9631.82
515,2025-11-26,East,Electronics,3647.02,6,0.05,20788.01
516,2025-02-12,Central,Electronics,1558.52,2,0.0,3117.04
517,2025-02-13,East,Food,4155.5,3,0.05,11843.18
518,2025-10-12,Central,Food,1443.53,4,0.0,5774.12
519,2025-01-12,South,Home,4370.13,5,0.1,19665.59
520,2025-04-05,North,Clothing,607.27,9,0.2,4372.34
521,2025-10-29,South,Electronics,3533.25,4,0.2,11306.4
522,2025-09-10,North,Home,2726.46,9,0.1,22084.33
523,2025-08-30,East,Electronics,527.85,10,0.1,4750.65
524,2025-02-04,South,Electronics,1247.37,3,0.2,2993.69
525,2025-08-03,Central,Clothing,111.4,8,0.1,802.08
526,2025-12-03,North,Clothing,2370.4,1,0.05,2251.88
527,2025-03-31,North,Home,1541.26,9,0.0,13871.34
528,2025-09-21,South,Clothing,3011.87,9,0.2,21685.46
529,2025-04-03,East,Clothing,1521.33,10,0.1,13691.97
530,2025-03-31,South,Home,1534.6,2,0.05,2915.74
531,2025-04-25,East,Clothing,3728.81,4,0.2,11932.19
532,2025-04-15,East,Food,288.31,8,0.1,2075.83
533,2025-07-15,North,Electronics,4519.33,7,0.2,25308.25
534,2025-11-10,South,Electronics,4268.71,1,0.1,3841.84
535,2025-04-24,South,Electronics,3355.63,5,0.2,13422.52
536,2025-03-16,East,Electronics,2986.45,7,0.05,19859.89
537,2025-08-05,South,Home,4466.9,4,0.05,16974.22
538,2025-10-04,Central,Electronics,967.38,1,0.0,967.38
539,2025-09-06,Central,Electronics,440.9,9,0.2,3174.48
540,2025-06-13,South,Electronics,1235.58,5,0.0,6177.9
541,2025-12-23,South,Electronics,3983.16,2,0.2,6373.06
542,2025-07-11,East,Food,221.62,8,0.1,1595.66
543,2025-08-15,Central,Electronics,2934.89,2,0.1,5282.8
544,2025-06-26,Central,Food,4977.42,3,0.0,14932.26
545,2025-04-09,North,Home,4285.7,10,0.2,34285.6
546,2025-02-05,East,Clothing,2631.16,1,0.0,2631.16
547,2025-04-06,North,Electronics,365.02,2,0.05,693.54
548,2025-06-01,Central,Clothing,4165.3,7,0.0,29157.1
549,2025-05-31,East,Clothing,3014.94,10,0.0,30149.4
550,2025-07-09,South,Home,618.92,2,0.1,1114.06
551,2025-08-12,East,Clothing,514.59,6,0.0,3087.54
552,2025-02-06,South,Food,4552.65,3,0.2,10926.36
553,2025-09-25,South,Clothing,3362.54,4,0.1,12105.14
554,2025-07-02,East,Clothing,4154.97,8,0.0,33239.76
555,2025-01-13,South,Clothing,4400.95,3,0.05,12542.71
556,2025-10-06,North,Electronics,2880.27,10,0.0,28802.7
557,2025-08-05,Central,Electronics,2611.36,6,0.0,15668.16
558,2025-12-21,South,Food,2180.62,1,0.0,2180.62
559,2025-12-27,North,Food,1618.89,7,0.1,10199.01
560,2025-10-13,South,Electronics,2201.25,8,0.2,14088.0
561,2025-09-30,Central,Food,3880.7,8,0.05,29493.32
562,2025-03-03,North,Electronics,3029.52,3,0.0,9088.56
563,2025-03-25,Central,Home,4467.99,10,0.2,35743.92
564,2025-08-05,Central,Clothing,2244.73,1,0.2,1795.78
565,2025-12-08,North,Clothing,3055.09,9,0.1,24746.23
566,2025-07-06,North,Food,3174.97,6,0.05,18097.33
567,2025-01-19,North,Electronics,2978.9,9,0.1,24129.09
568,2025-06-26,East,Electronics,3528.04,7,0.2,19757.02
569,2025-04-10,North,Food,1225.3,1,0.2,980.24
570,2025-08-21,North,Electronics,2586.2,1,0.2,2068.96
571,2025-03-17,North,Home,565.91,6,0.1,3055.91
572,2025-09-22,North,Clothing,1953.33,5,0.05,9278.32
573,2025-10-11,South,Food,2463.95,9,0.0,22175.55
574,2025-07-25,East,Food,3278.51,2,0.1,5901.32
575,2025-08-11,Central,Electronics,4755.13,8,0.2,30432.83
576,2025-02-21,North,Food,3023.22,5,0.1,13604.49
577,2025-12-05,South,Home,3730.79,2,0.2,5969.26
578,2025-05-24,South,Electronics,2556.02,10,0.0,25560.2
579,2025-03-10,South,Electronics,3188.81,6,0.0,19132.86
580,2025-04-09,Central,Electronics,401.11,10,0.05,3810.54
581,2025-01-25,North,Electronics,1309.24,8,0.2,8379.14
582,2025-02-22,East,Home,1841.17,4,0.05,6996.45
583,2025-05-31,East,Electronics,2388.84,2,0.05,4538.8
584,2025-05-24,South,Food,275.96,5,0.0,1379.8
585,2025-02-26,Central,Home,743.12,2,0.1,1337.62
586,2025-02-08,Central,Clothing,1420.23,2,0.1,2556.41
587,2025-04-19,Central,Clothing,4859.09,6,0.05,27696.81
588,2025-06-30,East,Food,1690.17,10,0.0,16901.7
589,2025-02-11,South,Food,2436.1,9,0.2,17539.92
590,2025-07-05,North,Home,1020.68,4,0.1,3674.45
591,2025-08-11,East,Clothing,3073.36,6,0.05,17518.15
592,2025-05-02,South,Clothing,1439.38,7,0.1,9068.09
593,2025-05-13,South,Clothing,1074.61,6,0.1,5802.89
594,2025-06-12,North,Clothing,2607.03,8,0.2,16684.99
595,2025-08-03,North,Clothing,77.25,4,0.0,309.0
596,2025-08-09,North,Electronics,87.94,1,0.2,70.35
597,2025-08-23,Central,Food,1134.39,7,0.0,7940.73
598,2025-11-27,North,Electronics,231.77,3,0.1,625.78
599,2025-05-26,South,Clothing,584.73,6,0.05,3332.96
600,2025-08-27,North,Home,1727.36,2,0.2,2763.78
601,2025-03-17,South,Home,4022.8,9,0.0,36205.2
602,2025-01-09,East,Clothing,2881.64,1,0.1,2593.48
603,2025-03-15,Central,Clothing,2587.71,6,0.0,15526.26
604,2025-09-10,East,Home,1502.77,6,0.0,9016.62
605,2025-08-18,East,Electronics,4662.18,5,0.0,23310.9
606,2025-01-07,South,Electronics,2015.22,5,0.1,9068.49
607,2025-06-23,East,Clothing,481.11,1,0.05,457.05
608,2025-05-21,South,Electronics,3104.48,10,0.05,29492.56
609,2025-06-17,North,Home,613.5,5,0.05,2914.12
610,2025-06-19,North,Electronics,1758.85,2,0.0,3517.7
611,2025-10-10,South,Clothing,2561.69,7,0.1,16138.65
612,2025-05-02,North,Home,4377.4,3,0.0,13132.2
613,2025-07-13,Central,Electronics,2493.06,4,0.05,9473.63
614,2025-01-05,East,Food,3526.18,3,0.05,10049.61
615,2025-01-29,Central,Home,4964.44,3,0.1,13403.99
616,2025-06-14,East,Home,700.87,4,0.0,2803.48
617,2025-12-05,North,Food,1409.92,5,0.2,5639.68
618,2025-05-16,Central,Food,2003.15,1,0.2,1602.52
619,2025-12-31,North,Home,2138.05,4,0.05,8124.59
620,2025-11-17,East,Food,2084.55,8,0.1,15008.76
621,2025-12-08,South,Clothing,4542.67,10,0.0,45426.7
622,2025-05-25,South,Clothing,3584.46,7,0.0,25091.22
623,2025-11-23,Central,Clothing,3059.13,9,0.05,26155.56
624,2025-08-05,North,Home,1581.39,5,0.05,7511.6
625,2025-10-28,North,Food,4127.76,10,0.0,41277.6
626,2025-05-12,Central,Food,4777.55,4,0.0,19110.2
627,2025-10-19,South,Electronics,4114.93,8,0.05,31273.47
628,2025-03-11,East,Electronics,57.75,9,0.0,519.75
629,2025-09-09,Central,Food,3200.19,7,0.2,17921.06
630,2025-10-02,East,Food,303.12,7,0.05,2015.75
631,2025-12-30,South,Food,1325.16,5,0.0,6625.8
632,2025-07-01,North,Home,344.65,4,0.05,1309.67
633,2025-06-16,South,Food,3038.79,10,0.1,27349.11
634,2025-04-01,Central,Electronics,3448.62,1,0.05,3276.19
635,2025-07-21,North,Home,616.71,10,0.05,5858.74
636,2025-12-12,Central,Food,1950.0,10,0.1,17550.0
637,2025-01-19,Central,Electronics,2308.37,7,0.2,12926.87
638,2025-02-08,South,Home,1876.81,1,0.0,1876.81
639,2025-05-06,Central,Food,649.07,1,0.1,584.16
640,2025-06-22,South,Food,2123.79,5,0.05,10088.0
641,2025-05-21,North,Food,3768.33,9,0.0,33914.97
642,2025-08-30,South,Home,401.49,6,0.1,2168.05
643,2025-08-08,North,Electronics,446.89,3,0.0,1340.67
644,2025-05-06,South,Electronics,1806.12,3,0.0,5418.36
645,2025-02-27,East,Clothing,4711.54,7,0.1,29682.7
646,2025-05-28,East,Food,3359.43,6,0.0,20156.58
647,2025-11-13,Central,Clothing,3409.42,9,0.2,24547.82
648,2025-12-27,South,Clothing,1841.5,6,0.1,9944.1
649,2025-01-01,South,Electronics,2988.62,5,0.2,11954.48
650,2025-12-14,North,Home,100.15,10,0.05,951.42
651,2025-07-09,Central,Home,3198.68,7,0.0,22390.76
652,2025-07-10,South,Electronics,4570.77,1,0.05,4342.23
653,2025-11-08,Central,Home,3082.24,7,0.05,20496.9
654,2025-04-27,East,Clothing,4374.81,3,0.0,13124.43
655,2025-05-14,South,Food,3633.67,9,0.1,29432.73
656,2025-02-27,South,Electronics,646.76,6,0.0,3880.56
657,2025-02-13,Central,Food,4517.14,9,0.05,38621.55
658,2025-06-22,South,Home,378.9,5,0.05,1799.78
659,2025-06-09,Central,Food,2693.14,7,0.1,16966.78
660,2025-06-22,South,Home,753.58,4,0.0,3014.32
661,2025-11-13,North,Home,107.95,7,0.05,717.87
662,2025-10-30,Central,Clothing,2139.07,1,0.2,1711.26
663,2025-05-29,South,Home,1510.45,7,0.05,10044.49
664,2025-03-21,East,Clothing,2455.7,8,0.05,18663.32
665,2025-08-01,South,Clothing,2907.14,5,0.1,13082.13
666,2025-07-22,East,Clothing,266.51,2,0.2,426.42
667,2025-09-09,East,Electronics,658.87,5,0.05,3129.63
668,2025-08-17,North,Electronics,2815.28,6,0.05,16047.1
669,2025-06-13,Central,Home,1748.68,2,0.2,2797.89
670,2025-08-15,South,Clothing,3659.41,6,0.0,21956.46
671,2025-05-27,North,Electronics,3278.84,6,0.0,19673.04
672,2025-01-20,South,Clothing,4235.74,1,0.05,4023.95
673,2025-02-16,East,Food,3477.84,1,0.05,3303.95
674,2025-08-21,Central,Food,2178.16,10,0.0,21781.6
675,2025-11-01,South,Food,3381.18,3,0.1,9129.19
676,2025-01-14,South,Home,1413.14,10,0.2,11305.12
677,2025-05-23,East,Clothing,1566.25,10,0.2,12530.0
678,2025-01-01,South,Food,3955.48,3,0.1,10679.8
679,2025-02-23,South,Electronics,2259.78,4,0.1,8135.21
680,2025-09-16,East,Food,4001.98,2,0.1,7203.56
681,2025-05-24,North,Food,4120.99,9,0.1,33380.02
682,2025-01-12,East,Food,4294.93,10,0.1,38654.37
683,2025-11-26,North,Home,4587.34,7,0.1,28900.24
684,2025-08-12,Central,Electronics,2183.38,7,0.2,12226.93
685,2025-09-29,North,Clothing,1628.39,6,0.1,8793.31
686,2025-12-24,North,Electronics,2931.88,3,0.0,8795.64
687,2025-06-05,Central,Clothing,1887.3,6,0.1,10191.42
688,2025-01-08,North,Home,3025.32,8,0.1,21782.3
689,2025-05-02,East,Home,3542.65,8,0.2,22672.96
690,2025-12-14,North,Home,3457.6,9,0.2,24894.72
691,2025-06-13,Central,Home,1904.04,1,0.1,1713.64
692,2025-03-31,East,Clothing,875.96,1,0.2,700.77
693,2025-05-16,Central,Food,2181.12,3,0.05,6216.19
694,2025-07-05,Central,Clothing,755.84,3,0.2,1814.02
695,2025-11-12,South,Electronics,4455.98,10,0.2,35647.84
696,2025-06-27,South,Home,1762.09,8,0.2,11277.38
697,2025-01-28,Central,Home,814.58,10,0.2,6516.64
698,2025-08-08,Central,Electronics,175.97,1,0.0,175.97
699,2025-12-23,Central,Clothing,3246.82,2,0.0,6493.64
700,2025-02-10,South,Food,3202.67,2,0.0,6405.34
701,2025-08-16,South,Food,1735.99,3,0.1,4687.17
702,2025-07-11,North,Electronics,404.97,6,0.1,2186.84
703,2025-05-25,North,Food,2077.66,1,0.05,1973.78
704,2025-07-20,Central,Clothing,1590.53,2,0.0,3181.06
705,2025-07-31,East,Clothing,3401.75,1,0.1,3061.58
706,2025-08-08,East,Electronics,3048.61,5,0.2,12194.44
707,2025-08-28,South,Clothing,1854.74,7,0.2,10386.54
708,2025-02-15,South,Home,1128.57,8,0.0,9028.56
709,2025-02-04,South,Electronics,4940.78,10,0.05,46937.41
710,2025-09-10,Central,Clothing,2297.31,1,0.05,2182.44
711,2025-03-23,East,Electronics,3456.96,7,0.2,19358.98
712,2025-09-13,North,Food,745.74,5,0.05,3542.26
713,2025-07-16,Central,Clothing,2453.67,10,0.0,24536.7
714,2025-10-30,North,Home,186.31,1,0.2,149.05
715,2025-01-10,North,Clothing,2552.0,3,0.1,6890.4
716,2025-11-08,Central,Electronics,4821.89,7,0.1,30377.91
717,2025-10-13,North,Electronics,1951.82,10,0.05,18542.29
718,2025-08-30,East,Clothing,243.03,1,0.2,194.42
719,2025-09-08,North,Home,203.23,7,0.2,1138.09
720,2025-12-31,East,Home,1970.53,5,0.1,8867.38
721,2025-01-05,East,Home,842.12,1,0.2,673.7
722,2025-04-29,East,Electronics,165.59,1,0.2,132.47
723,2025-10-16,South,Clothing,3793.26,1,0.2,3034.61
724,2025-03-06,North,Food,2319.69,9,0.05,19833.35
725,2025-05-26,Central,Electronics,1481.76,3,0.2,3556.22
726,2025-08-12,Central,Home,4505.41,5,0.0,22527.05
727,2025-08-27,North,Clothing,624.89,10,0.05,5936.45
728,2025-06-26,South,Home,4781.8,9,0.2,34428.96
729,2025-09-24,South,Food,1604.14,6,0.2,7699.87
730,2025-12-07,East,Home,4447.6,9,0.0,40028.4
731,2025-10-09,North,Home,3034.57,8,0.05,23062.73
732,2025-03-04,North,Food,4142.2,8,0.1,29823.84
733,2025-08-05,Central,Clothing,4920.87,1,0.1,4428.78
734,2025-12-08,North,Electronics,1477.61,9,0.05,12633.57
735,2025-11-11,South,Clothing,4807.62,6,0.2,23076.58
736,2025-10-10,North,Food,1977.94,9,0.2,14241.17
737,2025-06-26,Central,Home,1958.28,3,0.1,5287.36
738,2025-04-08,East,Clothing,1734.92,3,0.1,4684.28
739,2025-04-15,Central,Electronics,2729.97,6,0.1,14741.84
740,2025-04-09,Central,Food,813.02,9,0.0,7317.18
741,2025-11-07,East,Clothing,2790.87,7,0.1,17582.48
742,2025-01-06,Central,Electronics,2731.44,3,0.0,8194.32
743,2025-07-16,Central,Food,3821.41,3,0.05,10891.02
744,2025-12-17,North,Electronics,4176.57,2,0.2,6682.51
745,2025-05-13,North,Food,2230.18,9,0.1,18064.46
746,2025-12-24,East,Home,1546.55,3,0.2,3711.72
747,2025-09-16,North,Clothing,1333.71,5,0.2,5334.84
748,2025-01-23,North,Electronics,1013.39,9,0.1,8208.46
749,2025-02-22,Central,Food,335.36,8,0.1,2414.59
750,2025-06-14,South,Electronics,1745.12,2,0.05,3315.73
751,2025-07-21,North,Electronics,1387.73,3,0.0,4163.19
752,2025-03-24,South,Clothing,4833.77,2,0.0,9667.54
753,2025-05-25,North,Home,2810.66,8,0.2,17988.22
754,2025-03-26,North,Electronics,1769.02,6,0.1,9552.71
755,2025-03-19,East,Food,2923.31,6,0.05,16662.87
756,2025-01-01,East,Food,739.02,9,0.05,6318.62
757,2025-02-20,East,Home,2248.02,8,0.05,17084.95
758,2025-06-22,South,Food,3149.86,4,0.05,11969.47
759,2025-07-24,Central,Home,2470.04,4,0.05,9386.15
760,2025-09-17,North,Food,2038.81,9,0.0,18349.29
761,2025-10-15,North,Clothing,4969.55,1,0.0,4969.55
762,2025-02-03,North,Electronics,4407.56,2,0.0,8815.12
763,2025-12-14,South,Clothing,3135.86,2,0.1,5644.55
764,2025-04-05,East,Electronics,2868.42,6,0.2,13768.42
765,2025-03-13,Central,Electronics,3122.27,4,0.05,11864.63
766,2025-02-08,South,Electronics,1046.49,10,0.1,9418.41
767,2025-06-03,East,Clothing,2005.93,3,0.05,5716.9
768,2025-09-07,South,Electronics,245.32,3,0.0,735.96
769,2025-06-11,Central,Clothing,2403.95,3,0.1,6490.66
770,2025-04-28,East,Home,2737.97,6,0.0,16427.82
771,2025-09-16,South,Food,1177.36,8,0.05,8947.94
772,2025-11-02,Central,Food,4821.94,7,0.05,32065.9
773,2025-09-25,North,Electronics,4551.8,4,0.2,14565.76
774,2025-02-23,Central,Clothing,3624.61,4,0.05,13773.52
775,2025-08-24,North,Food,2690.26,10,0.0,26902.6
776,2025-08-10,South,Clothing,4356.35,2,0.05,8277.06
777,2025-09-08,East,Clothing,696.73,1,0.2,557.38
778,2025-11-09,East,Electronics,3963.02,9,0.2,28533.74
779,2025-04-22,South,Food,667.86,2,0.0,1335.72
780,2025-09-12,East,Electronics,3981.34,8,0.1,28665.65
781,2025-10-30,East,Electronics,1415.05,9,0.05,12098.68
782,2025-07-26,North,Food,4391.6,4,0.2,14053.12
783,2025-08-17,South,Food,4723.01,8,0.05,35894.88
784,2025-12-07,Central,Home,786.54,9,0.05,6724.92
785,2025-03-07,North,Home,2340.24,10,0.1,21062.16
786,2025-03-16,South,Clothing,4905.89,10,0.2,39247.12
787,2025-04-13,North,Food,2442.87,5,0.05,11603.63
788,2025-07-11,Central,Home,4324.56,7,0.2,24217.54
789,2025-09-09,Central,Clothing,2964.22,10,0.0,29642.2
790,2025-08-14,South,Clothing,1907.88,4,0.0,7631.52
791,2025-10-21,Central,Clothing,1464.63,1,0.05,1391.4
792,2025-11-02,North,Home,1055.95,3,0.2,2534.28
793,2025-04-08,Central,Food,3820.9,5,0.05,18149.27
794,2025-12-04,North,Electronics,1963.38,3,0.2,4712.11
795,2025-10-13,North,Clothing,2580.81,7,0.2,14452.54
796,2025-12-01,Central,Home,2487.01,9,0.1,20144.78
797,2025-12-13,South,Home,2907.53,6,0.1,15700.66
798,2025-11-04,East,Electronics,4334.61,10,0.1,39011.49
799,2025-09-06,Central,Electronics,4904.66,1,0.05,4659.43
800,2025-06-15,North,Home,2067.54,7,0.1,13025.5
801,2025-12-01,North,Food,4146.22,3,0.1,11194.79
802,2025-01-30,Central,Electronics,3834.41,5,0.0,19172.05
803,2025-09-04,South,Home,2888.97,10,0.2,23111.76
804,2025-04-16,South,Electronics,4782.43,4,0.2,15303.78
805,2025-02-20,North,Food,1042.35,10,0.1,9381.15
806,2025-03-22,North,Clothing,590.86,5,0.2,2363.44
807,2025-05-13,South,Electronics,4277.11,5,0.0,21385.55
808,2025-10-12,East,Food,2223.79,6,0.0,13342.74
809,2025-05-18,Central,Home,4242.5,10,0.1,38182.5
810,2025-07-03,North,Electronics,4470.8,10,0.0,44708.0
811,2025-11-26,North,Electronics,359.17,6,0.2,1724.02
812,2025-09-30,South,Home,4423.15,8,0.05,33615.94
813,2025-12-06,Central,Clothing,2269.18,8,0.2,14522.75
814,2025-03-10,South,Home,2576.64,9,0.05,22030.27
815,2025-02-03,Central,Electronics,3151.63,8,0.1,22691.74
816,2025-09-19,Central,Home,4635.59,2,0.05,8807.62
817,2025-02-22,Central,Food,144.62,10,0.0,1446.2
818,2025-07-24,North,Home,2410.38,1,0.2,1928.3
819,2025-05-06,East,Electronics,3454.22,10,0.05,32815.09
820,2025-08-23,South,Home,3627.4,2,0.2,5803.84
821,2025-02-12,East,Clothing,3478.04,2,0.1,6260.47
822,2025-08-28,South,Home,715.45,3,0.1,1931.72
823,2025-04-21,Central,Clothing,1532.01,10,0.0,15320.1
824,2025-09-06,North,Food,1825.64,7,0.1,11501.53
825,2025-05-31,East,Clothing,4031.96,2,0.05,7660.72
826,2025-07-02,North,Home,1429.86,1,0.1,1286.87
827,2025-12-02,South,Electronics,1092.99,6,0.0,6557.94
828,2025-04-05,North,Clothing,4789.37,9,0.2,34483.46
829,2025-01-08,North,Food,93.87,3,0.2,225.29
830,2025-12-26,East,Clothing,4989.21,6,0.1,26941.73
831,2025-07-03,Central,Clothing,3400.27,3,0.05,9690.77
832,2025-10-08,North,Clothing,4150.92,1,0.0,4150.92
833,2025-07-14,Central,Food,1508.37,5,0.05,7164.76
834,2025-12-18,South,Home,120.86,10,0.0,1208.6
835,2025-07-14,North,Clothing,3702.45,4,0.1,13328.82
836,2025-06-04,East,Clothing,4179.02,7,0.0,29253.14
837,2025-04-03,South,Electronics,3715.36,6,0.0,22292.16
838,2025-06-09,South,Food,757.11,10,0.1,6813.99
839,2025-03-02,East,Clothing,3779.47,7,0.05,25133.48
840,2025-05-02,North,Food,3856.17,5,0.1,17352.76
841,2025-02-20,North,Clothing,3309.78,4,0.0,13239.12
842,2025-10-04,South,Home,3842.27,7,0.1,24206.3
843,2025-01-05,North,Home,4237.31,7,0.0,29661.17
844,2025-04-02,Central,Clothing,3087.34,6,0.1,16671.64
845,2025-06-19,East,Home,488.59,8,0.2,3126.98
846,2025-11-13,Central,Clothing,2463.76,4,0.2,7884.03
847,2025-01-22,North,Home,434.36,10,0.1,3909.24
848,2025-11-22,South,Electronics,2067.34,5,0.05,9819.86
849,2025-01-01,East,Electronics,2065.18,4,0.0,8260.72
850,2025-05-13,North,Electronics,376.75,1,0.2,301.4
851,2025-08-21,North,Food,1776.66,8,0.05,13502.62
852,2025-01-12,South,Food,599.44,1,0.0,599.44
853,2025-12-12,South,Electronics,4050.76,5,0.2,16203.04
854,2025-02-15,Central,Food,4741.06,6,0.2,22757.09
855,2025-02-03,East,Home,407.97,6,0.1,2203.04
856,2025-03-19,East,Clothing,4777.82,5,0.0,23889.1
857,2025-08-06,South,Clothing,2636.75,3,0.05,7514.74
858,2025-10-28,Central,Clothing,1532.85,5,0.05,7281.04
859,2025-03-14,East,Electronics,430.47,8,0.05,3271.57
860,2025-10-09,South,Food,2528.09,2,0.0,5056.18
861,2025-09-06,North,Home,3982.85,6,0.05,22702.24
862,2025-02-16,East,Home,3550.08,9,0.05,30353.18
863,2025-05-01,Central,Electronics,298.62,8,0.05,2269.51
864,2025-08-02,Central,Home,410.86,8,0.1,2958.19
865,2025-08-27,Central,Home,2044.22,8,0.1,14718.38
866,2025-02-25,North,Home,1511.69,7,0.0,10581.83
867,2025-12-16,East,Home,1200.3,8,0.0,9602.4
868,2025-04-17,East,Food,1440.97,6,0.05,8213.53
869,2025-11-15,North,Home,4027.24,2,0.1,7249.03
870,2025-02-17,East,Clothing,4649.68,2,0.2,7439.49
871,2025-03-02,North,Electronics,2055.26,8,0.2,13153.66
872,2025-12-03,North,Food,4535.25,1,0.05,4308.49
873,2025-01-26,North,Home,1641.4,6,0.05,9355.98
874,2025-10-19,Central,Food,2408.36,6,0.1,13005.14
875,2025-09-14,East,Home,1168.84,4,0.1,4207.82
876,2025-01-08,North,Clothing,3220.36,10,0.1,28983.24
877,2025-04-23,East,Electronics,4895.96,3,0.0,14687.88
878,2025-12-21,Central,Home,3037.29,3,0.0,9111.87
879,2025-09-10,North,Home,1821.18,1,0.05,1730.12
880,2025-06-29,South,Home,3256.7,3,0.0,9770.1
881,2025-07-26,Central,Home,658.46,4,0.1,2370.46
882,2025-10-30,South,Electronics,4448.86,5,0.1,20019.87
883,2025-05-07,East,Electronics,2540.27,3,0.0,7620.81
884,2025-02-25,East,Clothing,2274.28,6,0.2,10916.54
885,2025-08-02,Central,Electronics,2950.03,5,0.05,14012.64
886,2025-01-14,East,Home,3142.68,3,0.2,7542.43
887,2025-01-28,South,Clothing,405.29,6,0.05,2310.15
888,2025-03-19,North,Clothing,3428.96,6,0.2,16459.01
889,2025-08-04,North,Clothing,1247.56,8,0.0,9980.48
890,2025-12-31,North,Home,3584.07,2,0.05,6809.73
891,2025-06-03,Central,Food,4121.55,1,0.05,3915.47
892,2025-01-14,East,Home,4029.59,4,0.05,15312.44
893,2025-07-06,South,Electronics,2784.88,7,0.1,17544.74
894,2025-11-08,East,Electronics,2624.84,10,0.1,23623.56
895,2025-01-07,East,Home,757.24,3,0.2,1817.38
896,2025-01-03,East,Home,3887.96,3,0.0,11663.88
897,2025-04-21,North,Clothing,1393.48,5,0.1,6270.66
898,2025-08-26,South,Home,2508.64,5,0.05,11916.04
899,2025-12-29,South,Clothing,1457.16,10,0.1,13114.44
900,2025-08-27,East,Electronics,712.45,3,0.0,2137.35
901,2025-10-01,North,Clothing,3166.31,9,0.1,25647.11
902,2025-10-21,North,Home,318.94,4,0.05,1211.97
903,2025-08-15,South,Electronics,3755.79,3,0.2,9013.9
904,2025-01-15,North,Food,1622.05,2,0.05,3081.9
905,2025-07-11,North,Clothing,50.67,10,0.0,506.7
906,2025-04-29,North,Electronics,2580.09,9,0.2,18576.65
907,2025-01-28,Central,Clothing,281.92,4,0.1,1014.91
908,2025-07-21,East,Electronics,1417.04,3,0.1,3826.01
909,2025-02-08,South,Electronics,3549.53,7,0.1,22362.04
910,2025-09-30,South,Clothing,360.31,8,0.2,2305.98
911,2025-08-19,Central,Food,4204.73,2,0.05,7988.99
912,2025-03-27,East,Electronics,68.91,7,0.2,385.9
913,2025-05-06,South,Electronics,1271.78,5,0.2,5087.12
914,2025-10-27,North,Electronics,3717.48,5,0.0,18587.4
915,2025-01-25,South,Food,1615.54,3,0.2,3877.3
916,2025-05-25,North,Food,554.37,5,0.1,2494.66
917,2025-01-13,Central,Home,1833.16,2,0.05,3483.0
918,2025-07-31,North,Clothing,1388.45,4,0.05,5276.11
919,2025-01-25,South,Food,4221.42,6,0.05,24062.09
920,2025-03-09,South,Clothing,1601.07,1,0.1,1440.96
921,2025-03-08,South,Home,3955.22,10,0.1,35596.98
922,2025-08-21,Central,Clothing,4464.77,4,0.1,16073.17
923,2025-04-19,Central,Food,2197.4,6,0.1,11865.96
924,2025-05-26,East,Clothing,4554.22,9,0.1,36889.18
925,2025-04-21,South,Food,1917.72,2,0.2,3068.35
926,2025-08-16,North,Clothing,4822.19,7,0.1,30379.8
927,2025-04-21,Central,Food,491.98,6,0.1,2656.69
928,2025-02-03,South,Food,3450.75,2,0.1,6211.35
929,2025-04-21,South,Clothing,2494.38,8,0.1,17959.54
930,2025-09-21,Central,Home,1968.86,7,0.05,13092.92
931,2025-08-24,East,Electronics,3181.92,5,0.1,14318.64
932,2025-03-24,Central,Home,3534.09,5,0.2,14136.36
933,2025-02-11,Central,Clothing,71.6,7,0.2,400.96
934,2025-04-11,North,Home,876.42,9,0.2,6310.22
935,2025-01-06,North,Food,3579.58,9,0.0,32216.22
936,2025-06-29,East,Electronics,3348.61,9,0.05,28630.62
937,2025-10-09,South,Clothing,4831.94,6,0.1,26092.48
938,2025-11-16,Central,Clothing,3817.14,10,0.0,38171.4
939,2025-08-14,East,Clothing,4756.32,6,0.1,25684.13
940,2025-11-11,North,Electronics,3527.58,3,0.0,10582.74
941,2025-12-31,Central,Food,1525.36,1,0.0,1525.36
942,2025-08-17,South,Clothing,571.56,7,0.2,3200.74
943,2025-10-16,North,Home,3920.03,4,0.2,12544.1
944,2025-05-30,North,Clothing,3238.54,1,0.0,3238.54
945,2025-10-04,North,Clothing,288.52,8,0.2,1846.53
946,2025-07-17,East,Clothing,1832.25,6,0.0,10993.5
947,2025-03-11,South,Clothing,4786.16,6,0.05,27281.11
948,2025-04-22,Central,Food,2526.99,2,0.2,4043.18
949,2025-01-04,East,Home,2192.01,1,0.2,1753.61
950,2025-12-16,East,Food,2315.61,2,0.2,3704.98
951,2025-11-27,East,Home,1083.97,4,0.05,4119.09
952,2025-11-14,North,Clothing,1875.1,2,0.0,3750.2
953,2025-12-16,South,Electronics,1880.58,1,0.1,1692.52
954,2025-04-05,East,Food,309.16,7,0.2,1731.3
955,2025-06-01,Central,Electronics,3849.46,8,0.0,30795.68
956,2025-11-07,South,Food,2111.7,6,0.05,12036.69
957,2025-05-17,Central,Clothing,4119.79,4,0.1,14831.24
958,2025-09-04,South,Food,4259.22,6,0.2,20444.26
959,2025-08-31,Central,Clothing,1099.37,3,0.05,3133.2
960,2025-01-31,North,Food,3303.9,8,0.05,25109.64
961,2025-02-09,East,Clothing,2387.79,10,0.1,21490.11
962,2025-08-17,Central,Clothing,4406.78,2,0.0,8813.56
963,2025-02-05,South,Home,1117.92,5,0.2,4471.68
964,2025-08-11,East,Clothing,3405.18,1,0.2,2724.14
965,2025-01-06,East,Home,3058.37,6,0.0,18350.22
966,2025-11-18,South,Clothing,1511.74,2,0.0,3023.48
967,2025-08-08,Central,Electronics,726.17,4,0.0,2904.68
968,2025-03-16,North,Clothing,3275.62,6,0.1,17688.35
969,2025-01-04,North,Electronics,3706.06,10,0.1,33354.54
970,2025-12-01,Central,Electronics,1612.36,8,0.2,10319.1
971,2025-05-14,East,Clothing,3241.92,8,0.1,23341.82
972,2025-04-28,East,Electronics,2005.9,6,0.05,11433.63
973,2025-04-04,East,Home,3580.37,4,0.2,11457.18
974,2025-03-03,East,Food,1036.12,8,0.1,7460.06
975,2025-07-13,Central,Clothing,4456.56,8,0.0,35652.48
976,2025-12-01,East,Electronics,1472.68,10,0.05,13990.46
977,2025-07-22,South,Clothing,1870.54,1,0.0,1870.54
978,2025-01-26,East,Home,337.56,4,0.2,1080.19
979,2025-06-22,North,Clothing,601.99,4,0.0,2407.96
980,2025-10-27,East,Clothing,2603.52,7,0.1,16402.18
981,2025-05-13,Central,Electronics,1374.58,7,0.1,8659.85
982,2025-11-22,North,Home,4185.63,8,0.2,26788.03
983,2025-04-28,Central,Food,122.73,5,0.0,613.65
984,2025-11-20,Central,Food,1926.52,7,0.2,10788.51
985,2025-10-02,North,Electronics,1719.86,8,0.0,13758.88
986,2025-07-31,Central,Clothing,145.67,9,0.05,1245.48
987,2025-08-13,Central,Electronics,665.62,3,0.1,1797.17
988,2025-01-20,East,Electronics,2097.53,3,0.2,5034.07
989,2025-04-23,South,Electronics,2489.68,4,0.05,9460.78
990,2025-05-20,Central,Clothing,2051.23,5,0.05,9743.34
991,2025-02-16,Central,Home,2678.14,10,0.2,21425.12
992,2025-01-01,Central,Electronics,2995.9,1,0.2,2396.72
993,2025-03-31,East,Clothing,99.12,7,0.05,659.15
994,2025-05-22,South,Home,2347.27,9,0.0,21125.43
995,2025-11-16,North,Electronics,4819.32,8,0.05,36626.83
996,2025-02-07,East,Food,2619.21,5,0.2,10476.84
997,2025-10-20,East,Home,3403.83,4,0.05,12934.55
998,2025-05-19,South,Electronics,1593.73,7,0.0,11156.11
999,2025-12-22,South,Home,3881.26,5,0.1,17465.67
1000,2025-11-29,East,Home,3875.96,7,0.1,24418.55
